X,Y,id,Block,Block num,icon_url
30.1355919320017,-23.7500922948915,"1","14",,./0.png
30.135532761169,-23.7501849591613,"2","14",,./0.png
30.1352947619997,-23.750473835778,,"14",,./0.png
30.1352305738335,-23.7505686936935,,"14",,./0.png
30.1351828407755,-23.7506495638922,,"14",,./0.png
30.1350561610695,-23.7507901432576,,"14",,./0.png
30.1350809361738,-23.7509209547182,,"14",,./0.png
30.1349908966679,-23.7510050419437,,"14",,./0.png
30.1349331669104,-23.7510885851529,,"14",,./0.png
30.134854327748,-23.7511717366569,,"14",,./0.png
30.1348926765071,-23.7512925090579,,"14",,./0.png
30.1349446385394,-23.7512454488359,,"14",,./0.png
30.1350523126959,-23.75115025447,,"14",,./0.png
30.1347360259423,-23.751184977952,,"14",,./0.png
30.1348173991863,-23.7512413728099,,"14",,./0.png
30.134841697209,-23.7510394353611,,"14",,./0.png
30.1347261668337,-23.7510395785598,,"14",,./0.png
30.1346598825058,-23.7511166740161,,"14",,./0.png
30.1350016597953,-23.7506553499649,,"14",,./0.png
30.1351270024024,-23.7504907336541,,"14",,./0.png
30.1352545778569,-23.7503375930077,,"14",,./0.png
30.1354502817244,-23.7501365482433,,"14",,./0.png
30.1355195114241,-23.7500383534106,,"14",,./0.png
30.1352920982027,-23.7501416178834,,"14",,./0.png
30.1352374733605,-23.7502252188585,,"14",,./0.png
30.1351851990384,-23.7502865663929,,"14",,./0.png
30.1351192984917,-23.7503745318746,,"14",,./0.png
30.1350587401449,-23.7504454448803,,"14",,./0.png
30.1349796512034,-23.7505400262244,,"14",,./0.png
30.1349341810572,-23.7506026433309,,"14",,./0.png
30.1348049050792,-23.7507483197671,,"14",,./0.png
30.1346800324832,-23.7509198051019,,"14",,./0.png
30.1346257197956,-23.750989118633,,"14",,./0.png
30.1344854626977,-23.7510122432694,,"14",,./0.png
30.1346012555805,-23.7508583129033,,"14",,./0.png
30.1349006915034,-23.7504585206479,,"14",,./0.png
30.1349682747571,-23.7504071764751,,"14",,./0.png
30.135097950624,-23.750243212284,,"14",,./0.png
30.1352062166834,-23.7500925720122,,"14",,./0.png
30.1352662790416,-23.7500159325404,,"14",,./0.png
30.1353438003968,-23.7499361866068,,"14",,./0.png
30.1352428480238,-23.7498662793194,,"14",,./0.png
30.1351995363555,-23.7499438012612,,"14",,./0.png
30.1351315231778,-23.7500431619423,,"14",,./0.png
30.1350755863149,-23.7501015829015,,"14",,./0.png
30.1350202278792,-23.7501903156464,,"14",,./0.png
30.1349567404877,-23.7502531702147,,"14",,./0.png
30.1349097534108,-23.7503283369833,,"14",,./0.png
30.1348321689813,-23.7504109400783,,"14",,./0.png
30.1347638848264,-23.7504942874101,,"14",,./0.png
30.1347035966642,-23.7505812133825,,"14",,./0.png
30.1345857838318,-23.750713952799,,"14",,./0.png
30.1345104070383,-23.750809174462,,"14",,./0.png
30.1344566275634,-23.7508824998532,,"14",,./0.png
30.1343696544395,-23.7508265726297,,"14",,./0.png
30.1344848764657,-23.7506703448795,,"14",,./0.png
30.1349203920943,-23.7501261460479,,"14",,./0.png
30.1349849507945,-23.7500427295021,,"14",,./0.png
30.1350436839367,-23.7499700674933,,"14",,./0.png
30.1351074714586,-23.7498934971974,,"14",,./0.png
30.1351791095957,-23.7497987775186,,"14",,./0.png
30.1350349159706,-23.7498315489498,,"14",,./0.png
30.1344083454216,-23.7506197569217,,"14",,./0.png
30.1342309396482,-23.7508360044302,,"14",,./0.png
30.1341526336723,-23.7507813813791,,"14",,./0.png
30.1342043253573,-23.7507183082838,,"14",,./0.png
30.1343321649192,-23.7505531673256,,"14",,./0.png
30.1343908235568,-23.7504839345423,,"14",,./0.png
30.1345792712506,-23.7502455946641,,"14",,./0.png
30.1346929879168,-23.7501013448424,,"14",,./0.png
30.134802646165,-23.7499438700908,,"14",,./0.png
30.1348720340241,-23.7498668320938,,"14",,./0.png
30.1349485265246,-23.749777348067,,"14",,./0.png
30.1350053594413,-23.7497063659634,,"14",,./0.png
30.1349246502288,-23.7496196825059,,"14",,./0.png
30.1348540159716,-23.7497252833372,,"14",,./0.png
30.1347402748141,-23.7498706763047,,"14",,./0.png
30.1346071241258,-23.7500231413502,,"14",,./0.png
30.1345442775939,-23.7501134501105,,"14",,./0.png
30.1344283101766,-23.7502753813076,,"14",,./0.png
30.1342982754997,-23.7504273321253,,"14",,./0.png
30.1342425333784,-23.7505051947701,,"14",,./0.png
30.1341376956571,-23.7506410332003,,"14",,./0.png
30.1341711445239,-23.7505884841871,,"14",,./0.png
30.13397740865,-23.7506712179946,,"14",,./0.png
30.1341593107809,-23.7504481936192,,"14",,./0.png
30.1342158314875,-23.750391499028,,"14",,./0.png
30.1344617259986,-23.7500541747081,,"14",,./0.png
30.1345273138712,-23.7499804966827,,"14",,./0.png
30.1345809802394,-23.7499123145948,,"14",,./0.png
30.1346310090207,-23.7498400629582,,"14",,./0.png
30.1346914421116,-23.7497748649726,,"14",,./0.png
30.1347337201507,-23.74971619072,,"14",,./0.png
30.134770705925,-23.7496722829367,,"14",,./0.png
30.134820859646,-23.7495943163554,,"14",,./0.png
30.1347543464983,-23.7495259053445,,"14",,./0.png
30.1346884798601,-23.7495981490291,,"14",,./0.png
30.134658665207,-23.7496407605572,,"14",,./0.png
30.1345717883633,-23.749750633604,,"14",,./0.png
30.1344952455796,-23.7498424033651,,"14",,./0.png
30.1342590900588,-23.7501604701003,,"14",,./0.png
30.134195457162,-23.7502015963362,,"14",,./0.png
30.1341403559552,-23.7503069133145,,"14",,./0.png
30.1340840680561,-23.7503813354616,,"14",,./0.png
30.1338138451003,-23.7505532668298,,"14",,./0.png
30.1339257002784,-23.7504089831146,,"14",,./0.png
30.1339802258489,-23.7503299545801,,"14",,./0.png
30.1340368717515,-23.7502675451984,,"14",,./0.png
30.134125536869,-23.7501611360179,,"14",,./0.png
30.1343049169817,-23.749939779734,,"14",,./0.png
30.1343517790539,-23.7498703280261,,"14",,./0.png
30.1344092206554,-23.7497999291854,,"14",,./0.png
30.1344743502642,-23.7497188103313,,"14",,./0.png
30.1345471428173,-23.7496281144232,,"14",,./0.png
30.1346106099305,-23.7495378171543,,"14",,./0.png
30.1346626763036,-23.7494575992431,,"14",,./0.png
30.1345779871272,-23.7494108620685,,"14",,./0.png
30.1345115534655,-23.7494948153795,,"14",,./0.png
30.1343344700438,-23.7497247903824,,"14",,./0.png
30.1344055503206,-23.7496272021547,,"14",,./0.png
30.1344547204063,-23.7495657972858,,"14",,./0.png
30.1341927973357,-23.7498976787557,,"14",,./0.png
30.1341360890932,-23.7499629456491,,"14",,./0.png
30.1340923061229,-23.7500335978605,,"14",,./0.png
30.1340312142139,-23.7501004985039,,"14",,./0.png
30.1339735219043,-23.7501823268845,,"14",,./0.png
30.1337276435915,-23.750490492986,,"14",,./0.png
30.1337818938851,-23.7504240372214,,"14",,./0.png
30.1338295850018,-23.7503734677945,,"14",,./0.png
30.1337684483739,-23.7502722823778,,"14",,./0.png
30.1336282163396,-23.7504360493711,,"14",,./0.png
30.133900953971,-23.7502627357052,,"14",,./0.png
30.1338794195692,-23.7501399883495,,"14",,./0.png
30.1339376826944,-23.7500604574737,,"14",,./0.png
30.1341272595065,-23.7498272845758,,"14",,./0.png
30.1340574882552,-23.7498934524445,,"14",,./0.png
30.1340093843142,-23.7499628810014,,"14",,./0.png
30.1341937436587,-23.7497410455299,,"14",,./0.png
30.1344967652398,-23.749347609359,,"14",,./0.png
30.13414683912,-23.7491318668874,,"14",,./0.png
30.1340279682708,-23.7492845964544,,"14",,./0.png
30.1334124327978,-23.7500792938469,,"14",,./0.png
30.1333025526834,-23.7502184683761,,"14",,./0.png
30.1333557992359,-23.7501411314943,,"14",,./0.png
30.1332198639263,-23.7501654786968,,"14",,./0.png
30.1332705143796,-23.7500932391113,,"14",,./0.png
30.1338739165198,-23.7493137535554,,"14",,./0.png
30.1339428338661,-23.7492298466387,,"14",,./0.png
30.1339896332318,-23.7491632524586,,"14",,./0.png
30.1339872375967,-23.7490174198633,,"14",,./0.png
30.134054129349,-23.7490826937342,,"14",,./0.png
30.1339117163557,-23.7490909133204,,"14",,./0.png
30.1338683041025,-23.7491730067303,,"14",,./0.png
30.1337438201924,-23.7493267753067,,"14",,./0.png
30.1335603644797,-23.7495640633936,,"14",,./0.png
30.1334982186636,-23.7496223684919,,"14",,./0.png
30.1334342175751,-23.7497086533006,,"14",,./0.png
30.1333277249011,-23.7498633271438,,"14",,./0.png
30.1332563484301,-23.7499460446355,,"14",,./0.png
30.1331804130011,-23.7500383966535,,"14",,./0.png
30.1331300630573,-23.7500969205587,,"14",,./0.png
30.1330496825626,-23.7500519777013,,"14",,./0.png
30.1331157970907,-23.7499542979681,,"14",,./0.png
30.1331708759082,-23.7499067244931,,"14",,./0.png
30.1332137504443,-23.7498492052247,,"14",,./0.png
30.1332357610767,-23.7498084501535,,"14",,./0.png
30.1332665387929,-23.7497644275244,,"14",,./0.png
30.1333427369245,-23.7496600742448,,"14",,./0.png
30.1334091338143,-23.7495778359757,,"14",,./0.png
30.133471467447,-23.7495109586314,,"14",,./0.png
30.1335991938351,-23.7493509616044,,"14",,./0.png
30.1336523772151,-23.74927648199,,"14",,./0.png
30.1337736817961,-23.7491260847901,,"14",,./0.png
30.1338401407182,-23.7490409888495,,"14",,./0.png
30.1339081115998,-23.7489719290423,,"14",,./0.png
30.1338206692942,-23.7489091322898,,"14",,./0.png
30.1337478767329,-23.7489998278524,,"14",,./0.png
30.1336932816642,-23.7490536994617,,"14",,./0.png
30.1336373646153,-23.7491395627211,,"14",,./0.png
30.1335838108316,-23.749202601099,,"14",,./0.png
30.1334989212455,-23.7493067932044,,"14",,./0.png
30.1334423204946,-23.7493955022712,,"14",,./0.png
30.1333939211437,-23.7494500604775,,"14",,./0.png
30.1333548596008,-23.7495036485714,,"14",,./0.png
30.1332927460964,-23.7495888249238,,"14",,./0.png
30.1332022808401,-23.7496923415998,,"14",,./0.png
30.1330799732765,-23.7498884570542,,"14",,./0.png
30.1327922219706,-23.7498682498939,,"14",,./0.png
30.1328694300596,-23.7499445784456,,"14",,./0.png
30.1329408231759,-23.7499744898626,,"14",,./0.png
30.1329326104068,-23.7498674261578,,"14",,./0.png
30.1328523303094,-23.7498179113346,,"14",,./0.png
30.1329100356095,-23.7497355119368,,"14",,./0.png
30.1333769950665,-23.7502793089832,,"14",,./0.png
30.1334243909531,-23.7502138695427,,"14",,./0.png
30.1334956010499,-23.7501245741335,,"14",,./0.png
30.1337739383585,-23.7499507928781,,"14",,./0.png
30.1336029857659,-23.7503260970421,,"14",,./0.png
30.1336719664795,-23.7502393328961,,"14",,./0.png
30.1334662968768,-23.7503281334631,,"14",,./0.png
30.1335273766488,-23.7502618045689,,"14",,./0.png
30.1335851068201,-23.7501782619294,,"14",,./0.png
30.1337796507664,-23.7500869678023,,"14",,./0.png
30.1338560564671,-23.7500014848038,,"14",,./0.png
30.1339109273254,-23.7499350404877,,"14",,./0.png
30.1339762325525,-23.7498459210805,,"14",,./0.png
30.1340825993159,-23.7496969615726,,"14",,./0.png
30.1340254656941,-23.7496398728497,,"14",,./0.png
30.1341299245942,-23.7494645788434,,"14",,./0.png
30.1341933618503,-23.749404010555,,"14",,./0.png
30.1337396521191,-23.7488507426337,,"14",,./0.png
30.1336799525979,-23.7489108084008,,"14",,./0.png
30.1336186232192,-23.7489885671474,,"14",,./0.png
30.1335627437159,-23.7490727159214,,"14",,./0.png
30.1334972884333,-23.7491686929986,,"14",,./0.png
30.1334529346812,-23.7492370475604,,"14",,./0.png
30.1333750047403,-23.7493070656997,,"14",,./0.png
30.1333459831067,-23.749185894476,,"14",,./0.png
30.1332700992657,-23.7491341746249,,"14",,./0.png
30.1331866150104,-23.7490891742597,,"14",,./0.png
30.1330864231444,-23.749012990914,,"14",,./0.png
30.1330068144068,-23.7489612017959,,"14",,./0.png
30.1329273059132,-23.7489048407597,,"14",,./0.png
30.1328316303329,-23.7488493229586,,"14",,./0.png
30.1327493129885,-23.7488077743527,,"14",,./0.png
30.1331551279134,-23.7489387996324,,"14",,./0.png
30.1332319277536,-23.7490054011993,,"14",,./0.png
30.1333164032665,-23.7490618542975,,"14",,./0.png
30.1333999877211,-23.7491022827108,,"14",,./0.png
30.1332908991571,-23.7489218816737,,"14",,./0.png
30.1333445781446,-23.7488531285426,,"14",,./0.png
30.1336589391842,-23.7487926444463,,"14",,./0.png
30.1336137770212,-23.7488695598393,,"14",,./0.png
30.133541222226,-23.7489493970657,,"14",,./0.png
30.1334711257072,-23.7490304233181,,"14",,./0.png
30.1333790997574,-23.7489784038865,,"14",,./0.png
30.1335907810416,-23.7487284903587,,"14",,./0.png
30.1335305181383,-23.7488142729219,,"14",,./0.png
30.1334250589561,-23.7487517132564,,"14",,./0.png
30.1334935630805,-23.7486866655602,,"14",,./0.png
30.133405387646,-23.748629000454,,"14",,./0.png
30.1333480337748,-23.7486953985288,,"14",,./0.png
30.1333149292211,-23.748562145436,,"14",,./0.png
30.1332431403612,-23.7486637220235,,"14",,./0.png
30.1332291371848,-23.7485090982276,,"14",,./0.png
30.1331408868684,-23.7484548619047,,"14",,./0.png
30.1330676872478,-23.7483940443333,,"14",,./0.png
30.1329821709082,-23.7483284243277,,"14",,./0.png
30.1329231495435,-23.7484142296891,,"14",,./0.png
30.1328332820654,-23.7483771147153,,"14",,./0.png
30.1329010704677,-23.7482880418503,,"14",,./0.png
30.1327415323442,-23.7483125222917,,"14",,./0.png
30.1326496825313,-23.7482525017037,,"14",,./0.png
30.1327171954741,-23.7481760016002,,"14",,./0.png
30.1332728578109,-23.7487814758655,,"14",,./0.png
30.1331089491648,-23.7486652329105,,"14",,./0.png
30.1329346814826,-23.7485682358876,,"14",,./0.png
30.1327981698096,-23.7485622710984,,"14",,./0.png
30.1326459312474,-23.7485937475527,,"14",,./0.png
30.1327168477215,-23.7486453754413,,"14",,./0.png
30.1328136395782,-23.7487066312028,,"14",,./0.png
30.132897939393,-23.7487710852907,,"14",,./0.png
30.1328749191588,-23.7486311587485,,"14",,./0.png
30.1329478683576,-23.7487034061211,,"14",,./0.png
30.1330140144869,-23.7486325976984,,"14",,./0.png
30.1327765465974,-23.7489254821393,,"14",,./0.png
30.1327064246117,-23.7490076509704,,"14",,./0.png
30.1326969130036,-23.7488748358481,,"14",,./0.png
30.1326104304058,-23.7487966198983,,"14",,./0.png
30.132656459094,-23.7487368724645,,"14",,./0.png
30.1325453753977,-23.7488743089957,,"14",,./0.png
30.132628358319,-23.7489421690821,,"14",,./0.png
30.1324899533402,-23.748965898155,,"14",,./0.png
30.1325757954042,-23.7490166598312,,"14",,./0.png
30.1324234811241,-23.7490515649187,,"14",,./0.png
30.1325144653614,-23.7490944180698,,"14",,./0.png
30.1323723351003,-23.7491180778489,,"14",,./0.png
30.1324675633102,-23.7493073695571,,"14",,./0.png
30.1322490266354,-23.7494165114573,,"14",,./0.png
30.132312840407,-23.749338799474,,"14",,./0.png
30.1322029223453,-23.7494796876335,,"14",,./0.png
30.1323998992753,-23.7493907272916,,"14",,./0.png
30.1324206109688,-23.7495226069504,,"14",,./0.png
30.1320840554876,-23.7493062507295,,"14",,./0.png
30.1321217804035,-23.7494270120158,,"14",,./0.png
30.1322323068221,-23.749286706932,,"14",,./0.png
30.1321311335124,-23.74908529863,,"14",,./0.png
30.1320616945397,-23.7491646212246,,"14",,./0.png
30.131864021772,-23.7492569985251,,"14",,./0.png
30.1317587606727,-23.7490720939068,,"14",,./0.png
30.1319027409555,-23.7490490407762,,"14",,./0.png
30.13199856653,-23.74909770131,,"14",,./0.png
30.1319627293967,-23.7489758316311,,"14",,./0.png
30.1320466084663,-23.7490311308701,,"14",,./0.png
30.1321042637328,-23.7489510177216,,"14",,./0.png
30.1321874969542,-23.7490074483282,,"14",,./0.png
30.1320267059212,-23.7488906904546,,"14",,./0.png
30.1320869196822,-23.7488071945177,,"14",,./0.png
30.1319374397209,-23.7488261436808,,"14",,./0.png
30.1318555963194,-23.7489046640896,,"14",,./0.png
30.1317952821504,-23.7489927317948,,"14",,./0.png
30.1321663275048,-23.7488681278269,,"14",,./0.png
30.1322551358373,-23.7489252336472,,"14",,./0.png
30.1323348139661,-23.7490021799933,,"14",,./0.png
30.1320113748205,-23.7487400440221,,"14",,./0.png
30.1322306616645,-23.7487949992613,,"14",,./0.png
30.1323245870836,-23.7488453394547,,"14",,./0.png
30.1324001822769,-23.7489102038772,,"14",,./0.png
30.1322868620815,-23.7487245782082,,"14",,./0.png
30.1323759459261,-23.7487691112842,,"14",,./0.png
30.1324686672663,-23.7488177138807,,"14",,./0.png
30.1325215754672,-23.748755807366,,"14",,./0.png
30.1324290545349,-23.7486980610416,,"14",,./0.png
30.132348304773,-23.7486416766876,,"14",,./0.png
30.1324927300442,-23.74862663527,,"14",,./0.png
30.1325772425366,-23.7486813742657,,"14",,./0.png
30.1326018451874,-23.7483239357827,,"14",,./0.png
30.1320343844244,-23.7485403702102,,"14",,./0.png
30.132280462628,-23.7482230630105,,"14",,./0.png
30.1325024467321,-23.7481265626983,,"14",,./0.png
30.1325570543366,-23.7480721200297,,"14",,./0.png
30.1326529797102,-23.7481162082348,,"14",,./0.png
30.1325934692124,-23.7491596315674,,"14",,./0.png
30.1325757733336,-23.7494994750069,,"14",,./0.png
30.1326423459094,-23.7494092363129,,"14",,./0.png
30.1327594381822,-23.7492810587926,,"14",,./0.png
30.13268829969,-23.7493529178042,,"14",,./0.png
30.1325950071395,-23.7493020178296,,"14",,./0.png
30.1328171933533,-23.7491963734663,,"14",,./0.png
30.132904152185,-23.7492528728926,,"14",,./0.png
30.1329899695674,-23.7493047773409,,"14",,./0.png
30.1330767782885,-23.7493681345078,,"14",,./0.png
30.1331944586256,-23.7495532689401,,"14",,./0.png
30.1330976910251,-23.7494908703752,,"14",,./0.png
30.1331192194019,-23.7496422035633,,"14",,./0.png
30.1330373272337,-23.7495812245562,,"14",,./0.png
30.1329640770055,-23.7495226928286,,"14",,./0.png
30.1328661429831,-23.7494568421659,,"14",,./0.png
30.1327867595131,-23.7493947661849,,"14",,./0.png
30.1327265709019,-23.749477119436,,"14",,./0.png
30.132649173642,-23.7495511490793,,"14",,./0.png
30.1325940769411,-23.7496278796352,,"14",,./0.png
30.1325252462299,-23.7497077854464,,"14",,./0.png
30.132616155795,-23.7497540674922,,"14",,./0.png
30.1326860278103,-23.7496833284563,,"14",,./0.png
30.1327116816019,-23.7498164432981,,"14",,./0.png
30.1327690363263,-23.7497500455469,,"14",,./0.png
30.1328291749651,-23.7496699782322,,"14",,./0.png
30.1329032728628,-23.749576448835,,"14",,./0.png
30.1329749557936,-23.7496498161558,,"14",,./0.png
30.132813705186,-23.7495256181325,,"14",,./0.png
30.1330644735347,-23.7497029327196,,"14",,./0.png
30.1329952673665,-23.7497999833231,,"14",,./0.png
30.1332445881326,-23.7494764459272,,"14",,./0.png
30.1332983425295,-23.7494042639278,,"14",,./0.png
30.1332189087729,-23.749344474094,,"14",,./0.png
30.1331382834716,-23.7492823752323,,"14",,./0.png
30.133051199286,-23.7492315907803,,"14",,./0.png
30.1332047553887,-23.749196708129,,"14",,./0.png
30.1332828471829,-23.749261046795,,"14",,./0.png
30.1331150876452,-23.7491504494965,,"14",,./0.png
30.1329744244727,-23.7491638461505,,"14",,./0.png
30.1328813072345,-23.749104945556,,"14",,./0.png
30.1328064900287,-23.7490612493461,,"14",,./0.png
30.1332046676173,-23.7488605363674,,"14",,./0.png
30.1331199168089,-23.7488166559035,,"14",,./0.png
30.1331773459733,-23.748746829018,,"14",,./0.png
30.1341785176584,-23.7492593762247,,"14",,./0.png
30.1341073548505,-23.7493323789391,,"14",,./0.png
30.1340569004241,-23.7494240609203,,"14",,./0.png
30.1330389211679,-23.7490832879108,,"14",,./0.png
30.1328643828068,-23.7489702776495,,"14",,./0.png
30.1334408435325,-23.7489100862852,,"14",,./0.png
30.1326777879572,-23.7492232285623,,"14",,./0.png
30.1328508643743,-23.7484959296692,,"14",B,./0.png
30.1317472060039,-23.7493158596991,,"14",B,./0.png
30.1318440729617,-23.7493736871599,,"14",B,./0.png
30.1317679170254,-23.749447739382,,"14",B,./0.png
30.1316872172737,-23.7493890687308,,"14",B,./0.png
30.1316212204006,-23.7494530186568,,"14",B,./0.png
30.1317252118984,-23.7495258431831,,"14",B,./0.png
30.13155588885,-23.7495432799043,,"14",B,./0.png
30.1316628148031,-23.7495955771581,,"14",B,./0.png
30.1314786716595,-23.7498357082524,,"14",B,./0.png
30.1314064658975,-23.7498995427226,,"14",B,./0.png
30.1313315009878,-23.7499759036757,,"14",B,./0.png
30.1314305759601,-23.7500463502144,,"14",B,./0.png
30.1315006241388,-23.7499676110112,,"14",B,./0.png
30.1315658056244,-23.7498842076304,,"14",B,./0.png
30.1316144940121,-23.7498165059433,,"14",B,./0.png
30.1316795250052,-23.7497399603146,,"14",B,./0.png
30.1317421727287,-23.749658796646,,"14",B,./0.png
30.1318586507186,-23.7495020226189,,"14",B,./0.png
30.131923681403,-23.7494254768557,,"14",B,./0.png
30.1320159073953,-23.7494683533702,,"14",B,./0.png
30.1319332172504,-23.7495571489761,,"14",B,./0.png
30.1318231482685,-23.7497048946211,,"14",B,./0.png
30.1317003863148,-23.7498649821844,,"14",B,./0.png
30.1315812740081,-23.7500285677209,,"14",B,./0.png
30.1315349937611,-23.7500997444249,,"14",B,./0.png
30.1316047188913,-23.7501490638487,,"14",B,./0.png
30.1316583491626,-23.7500825973863,,"14",B,./0.png
30.1317271304707,-23.750004977974,,"14",B,./0.png
30.1317934032196,-23.7499284553653,,"14",B,./0.png
30.1319208814264,-23.7497798896679,,"14",B,./0.png
30.1319711620606,-23.7496962093338,,"14",B,./0.png
30.1320201007055,-23.7496170777938,,"14",B,./0.png
30.1320928822395,-23.7495269546863,,"14",B,./0.png
30.1321836036147,-23.7495818092347,,"14",B,./0.png
30.1321094300797,-23.7496787671455,,"14",B,./0.png
30.1319957111984,-23.7498230148301,,"14",B,./0.png
30.1319243465064,-23.749905160142,,"14",B,./0.png
30.1318756832849,-23.749971718969,,"14",B,./0.png
30.1318079934541,-23.7500562193376,,"14",B,./0.png
30.1317479291992,-23.7501328572654,,"14",B,./0.png
30.1316901478408,-23.750218685045,,"14",B,./0.png
30.1317808819954,-23.7502729683713,,"14",B,./0.png
30.1318399050386,-23.750187163618,,"14",B,./0.png
30.1319025529159,-23.7501059998994,,"14",B,./0.png
30.1319561830273,-23.7500395333168,,"14",B,./0.png
30.1320176642073,-23.7499549175656,,"14",B,./0.png
30.132071294194,-23.7498884509302,,"14",B,./0.png
30.1321489925995,-23.7498007059933,,"14",B,./0.png
30.1322040144724,-23.7497274045395,,"14",B,./0.png
30.1322830295494,-23.7496362536657,,"14",B,./0.png
30.1323489294457,-23.7496900754614,,"14",B,./0.png
30.1322845894222,-23.74979178981,,"14",B,./0.png
30.1322146419897,-23.7498659575461,,"14",B,./0.png
30.1321621034762,-23.7499393051183,,"14",B,./0.png
30.1321045479503,-23.7500148463622,,"14",B,./0.png
30.1320383254264,-23.7500890831779,,"14",B,./0.png
30.131985962097,-23.7501544298832,,"14",B,./0.png
30.1319294476417,-23.7502391378589,,"14",B,./0.png
30.1318580325433,-23.7503235690492,,"14",B,./0.png
30.1319462834179,-23.7503778061649,,"14",B,./0.png
30.1320149394737,-23.7503059014731,,"14",B,./0.png
30.1321263006564,-23.7501558928504,,"14",B,./0.png
30.1322528627294,-23.749992445199,,"14",B,./0.png
30.1323642484011,-23.7498412933773,,"14",B,./0.png
30.132439463177,-23.7497535021549,,"14",B,./0.png
30.1325288554856,-23.7498123338654,,"14",B,./0.png
30.1324499155951,-23.7499000559595,,"14",B,./0.png
30.1323873432977,-23.7499777910346,,"14",B,./0.png
30.1323348298735,-23.7500499956997,,"14",B,./0.png
30.1322659737134,-23.7501310443245,,"14",B,./0.png
30.1322171101378,-23.7502067470245,,"14",B,./0.png
30.1321559796826,-23.7502753612781,,"14",B,./0.png
30.1320935072332,-23.7503485243181,,"14",B,./0.png
30.1320259926894,-23.7504250239866,,"14",B,./0.png
30.1321077094332,-23.7504940043177,,"14",B,./0.png
30.1321665319681,-23.7504173431879,,"14",B,./0.png
30.1322327796653,-23.7503419633591,,"14",B,./0.png
30.132300519515,-23.750255176855,,"14",B,./0.png
30.1323630920116,-23.7501774418353,,"14",B,./0.png
30.1324090712614,-23.7501199804823,,"14",B,./0.png
30.1324867946646,-23.7500310923989,,"14",B,./0.png
30.132539533445,-23.7499486009419,,"14",B,./0.png
30.1325957217508,-23.7498787513023,,"14",B,./0.png
30.1326977567605,-23.7499275267646,,"14",B,./0.png
30.1326190423327,-23.7500049622164,,"14",B,./0.png
30.1325649867127,-23.7500908595558,,"14",B,./0.png
30.1325049228501,-23.7501674978193,,"14",B,./0.png
30.1324552184795,-23.7502248900283,,"14",B,./0.png
30.1323811198651,-23.7503184191372,,"14",B,./0.png
30.1323173556897,-23.7503938451583,,"14",B,./0.png
30.1321908934576,-23.7505527209468,,"14",B,./0.png
30.1322690856384,-23.7506124882673,,"14",B,./0.png
30.1323400998452,-23.7505463443966,,"14",B,./0.png
30.1324042398583,-23.7504537738244,,"14",B,./0.png
30.1324743127971,-23.7503738911772,,"14",B,./0.png
30.132530651642,-23.7502971837652,,"14",B,./0.png
30.1325943655527,-23.7502240435789,,"14",B,./0.png
30.1326582547293,-23.7501429025674,,"14",B,./0.png
30.1327147185981,-23.7500604802148,,"14",B,./0.png
30.1327720233477,-23.7499963684151,,"14",B,./0.png
30.1328517077024,-23.7500447287888,,"14",B,./0.png
30.1327992946744,-23.7501123617522,,"14",B,./0.png
30.132728796262,-23.7502116750769,,"14",B,./0.png
30.1326702496723,-23.7502757637913,,"14",B,./0.png
30.1326114775826,-23.7503501392087,,"14",B,./0.png
30.1325538218908,-23.7504302525047,,"14",B,./0.png
30.1324824821957,-23.7505112551011,,"14",B,./0.png
30.1324199095822,-23.7505889901578,,"14",B,./0.png
30.1323596449655,-23.7506747720889,,"14",B,./0.png
30.132445312661,-23.7507335347205,,"14",B,./0.png
30.1325092022082,-23.7506523938082,,"14",B,./0.png
30.1325556324868,-23.7505743589637,,"14",B,./0.png
30.1326041703988,-23.7505135147654,,"14",B,./0.png
30.1327407161319,-23.7503479652126,,"14",B,./0.png
30.1328059471973,-23.7502622753127,,"14",B,./0.png
30.132879694843,-23.750184747553,,"14",B,./0.png
30.1329386169823,-23.750103514187,,"14",B,./0.png
30.1326859447226,-23.7504098371545,,"14",B,./0.png
30.1330205845339,-23.7501610643583,,"14",B,./0.png
30.1329643462075,-23.7502332001017,,"14",B,./0.png
30.1328917401053,-23.7503153228402,,"14",B,./0.png
30.1328289423983,-23.7504033448303,,"14",B,./0.png
30.1327791378657,-23.7504653090284,,"14",B,./0.png
30.1327103318075,-23.7505440719129,,"14",B,./0.png
30.1326575427472,-23.7506288493503,,"14",B,./0.png
30.1325855875132,-23.7506812546793,,"14",B,./0.png
30.1325214725404,-23.7507726823561,,"14",B,./0.png
30.132605873609,-23.7508325648227,,"14",B,./0.png
30.1326643704097,-23.7507707621041,,"14",B,./0.png
30.1327335022575,-23.7506771406435,,"14",B,./0.png
30.132794557504,-23.7506119550639,,"14",B,./0.png
30.1328608300281,-23.7505354319712,,"14",B,./0.png
30.1329146352169,-23.7504609642357,,"14",B,./0.png
30.1329898250116,-23.7503743157202,,"14",B,./0.png
30.1330385880599,-23.7503031846222,,"14",B,./0.png
30.1330937098923,-23.7502253109449,,"14",B,./0.png
30.133188445356,-23.7502670899812,,"14",B,./0.png
30.1331331231996,-23.750354107461,,"14",B,./0.png
30.1330682178679,-23.750424938897,,"14",B,./0.png
30.1330067621107,-23.7505084121362,,"14",B,./0.png
30.1329542738046,-23.7505794740499,,"14",B,./0.png
30.1328726498393,-23.7506762939892,,"14",B,./0.png
30.1328154950853,-23.7507335479757,,"14",B,./0.png
30.1327674724905,-23.7508275614335,,"14",B,./0.png
30.1326912659868,-23.7509039000086,,"14",B,./0.png
30.1327871182407,-23.7509514172312,,"14",B,./0.png
30.1328407483329,-23.7508849503375,,"14",B,./0.png
30.1328884452899,-23.750805795469,,"14",B,./0.png
30.1329560347332,-23.7507258664853,,"14",B,./0.png
30.1330363668674,-23.7506313093865,,"14",B,./0.png
30.133086622173,-23.7505487716301,,"14",B,./0.png
30.1331504110707,-23.7504722022861,,"14",B,./0.png
30.1332139744967,-23.7504059196446,,"14",B,./0.png
30.1332654462657,-23.7503245478318,,"14",B,./0.png
30.1333545889357,-23.750394808842,,"14",B,./0.png
30.1332434291779,-23.7505356746975,,"14",B,./0.png
30.1331808068798,-23.7506156960465,,"14",B,./0.png
30.1331160016058,-23.750681955608,,"14",B,./0.png
30.1330429695307,-23.7507835088977,,"14",B,./0.png
30.13291794978,-23.7509332646151,,"14",B,./0.png
30.1328702277369,-23.7510135624591,,"14",B,./0.png
30.1329448456352,-23.7510664025009,,"14",B,./0.png
30.1330046091754,-23.7510034797342,,"14",B,./0.png
30.1330800998163,-23.7509031155581,,"14",B,./0.png
30.1331313214436,-23.7508331735274,,"14",B,./0.png
30.1332041030433,-23.7507430498993,,"14",B,./0.png
30.1332603414987,-23.750670914081,,"14",B,./0.png
30.1333191634986,-23.7505942524557,,"14",B,./0.png
30.133450466167,-23.7504411826713,,"14",B,./0.png
30.1333970369079,-23.7504985060605,,"14",B,./0.png
30.1335312675762,-23.7504952806474,,"14",B,./0.png
30.1334836462459,-23.7505710068529,,"14",B,./0.png
30.1334133483708,-23.7506611767443,,"14",B,./0.png
30.1333448681069,-23.7507250813161,,"14",B,./0.png
30.1332856203098,-23.7508211734487,,"14",B,./0.png
30.1332267981744,-23.7508978350475,,"14",B,./0.png
30.1331596345478,-23.7509583336555,,"14",B,./0.png
30.1330967615137,-23.7510497846475,,"14",B,./0.png
30.133039556574,-23.7511093246492,,"14",B,./0.png
30.133127332644,-23.7511852776225,,"14",B,./0.png
30.1331874718396,-23.7511052102235,,"14",B,./0.png
30.1332540199227,-23.7510161142906,,"14",B,./0.png
30.1333040498808,-23.7509438632047,,"14",B,./0.png
30.1333728558491,-23.7508651000448,,"14",B,./0.png
30.1334278024735,-23.7507952270529,,"14",B,./0.png
30.1334907252322,-23.7507014899473,,"14",B,./0.png
30.1335481050743,-23.7506339489412,,"14",B,./0.png
30.1336282865085,-23.7505462493132,,"14",B,./0.png
30.1337065044658,-23.7506048729966,,"14",B,./0.png
30.1336413989536,-23.7506848484588,,"14",B,./0.png
30.1335862772005,-23.7507627223406,,"14",B,./0.png
30.1335308548789,-23.7508543118475,,"14",B,./0.png
30.1334534320821,-23.7509294848192,,"14",B,./0.png
30.1333895679649,-23.7510094831926,,"14",B,./0.png
30.1333272961013,-23.7510735029929,,"14",B,./0.png
30.1332671069134,-23.7511558563977,,"14",B,./0.png
30.1332827024088,-23.7512945016387,,"14",B,./0.png
30.1333450745847,-23.7512259099873,,"14",B,./0.png
30.133396120924,-23.7511639686653,,"14",B,./0.png
30.1334783406975,-23.7510683029425,,"14",B,./0.png
30.133541263576,-23.7509745658283,,"14",B,./0.png
30.1335981103134,-23.7509030128911,,"14",B,./0.png
30.133653815428,-23.7508268649926,,"14",B,./0.png
30.1337213543739,-23.750749221572,,"14",B,./0.png
30.1337884476522,-23.7506635657905,,"14",B,./0.png
30.1338814912771,-23.7507258948872,,"14",B,./0.png
30.1338182483757,-23.7508059049985,,"14",B,./0.png
30.1337476552261,-23.7508812049002,,"14",B,./0.png
30.1336838539033,-23.7509583459877,,"14",B,./0.png
30.1336221780177,-23.7510235204192,,"14",B,./0.png
30.1335636888431,-23.7511133378463,,"14",B,./0.png
30.1333729298614,-23.7513436292626,,"14",B,./0.png
30.1334298019105,-23.7512709334438,,"14",B,./0.png
30.13349284495,-23.7512000673078,,"14",B,./0.png
30.1334568485855,-23.7513972134671,,"14",B,./0.png
30.1335196662994,-23.7513366340637,,"14",B,./0.png
30.133590597906,-23.7512459041982,,"14",B,./0.png
30.1336399067666,-23.7511782133549,,"14",B,./0.png
30.1337651639006,-23.751017598773,,"14",B,./0.png
30.1337183636569,-23.7510841927962,,"14",B,./0.png
30.1338283193122,-23.7509415890979,,"14",B,./0.png
30.1339427834877,-23.7507916366455,,"14",B,./0.png
30.1340301444579,-23.750829848032,,"14",B,./0.png
30.1339652592544,-23.7509281227031,,"14",B,./0.png
30.1339113217896,-23.7509802913753,,"14",B,./0.png
30.1338819433093,-23.7510454936611,,"14",B,./0.png
30.1338324644692,-23.7510925995929,,"14",B,./0.png
30.1337220630931,-23.7512271909575,,"14",B,./0.png
30.1336764418644,-23.7512966654338,,"14",B,./0.png
30.1336131609687,-23.7513783898737,,"14",B,./0.png
30.1335462800229,-23.7514543302728,,"14",B,./0.png
30.1336260730481,-23.7515261327819,,"14",B,./0.png
30.1336698944089,-23.7514537663306,,"14",B,./0.png
30.1337475302816,-23.751368878018,,"14",B,./0.png
30.1337989646262,-23.7512892204973,,"14",B,./0.png
30.1338728751394,-23.7512042629574,,"14",B,./0.png
30.1339402764753,-23.751132905793,,"14",B,./0.png
30.1341257593951,-23.7508882226945,,"14",B,./0.png
30.1340592244574,-23.7509767475825,,"14",B,./0.png
30.1339923940567,-23.7510504022804,,"14",B,./0.png
30.1342264039001,-23.7509438320551,,"14",B,./0.png
30.1341430806955,-23.7510331888492,,"14",B,./0.png
30.134089984377,-23.7511036681758,,"14",B,./0.png
30.134021253776,-23.7511790027688,,"14",B,./0.png
30.1337038334436,-23.7515773156796,,"14",B,./0.png
30.1337689143869,-23.7514984832093,,"14",B,./0.png
30.1338259490678,-23.7514183579183,,"14",B,./0.png
30.133886946724,-23.7513274435148,,"14",B,./0.png
30.1339567689779,-23.7512589898732,,"14",B,./0.png
30.1337900856777,-23.7516378036546,,"14",B,./0.png
30.1338722679649,-23.7515438521847,,"14",B,./0.png
30.1339240727932,-23.75147563586,,"14",B,./0.png
30.1339862495473,-23.7513876018898,,"14",B,./0.png
30.1340421999871,-23.7513286099482,,"14",B,./0.png
30.1341017429131,-23.7512473876517,,"14",B,./0.png
30.1341534723854,-23.7511826001396,,"14",B,./0.png
30.1342228237809,-23.751107277003,,"14",B,./0.png
30.1342833002886,-23.7510117789898,,"14",B,./0.png
30.1343622773848,-23.7510641275699,,"14",B,./0.png
30.1343127811583,-23.7511403909731,,"14",B,./0.png
30.1337494927681,-23.7508823824441,,"14",B,./0.png
30.1342424959795,-23.7512299897764,,"14",B,./0.png
30.1341912997618,-23.7512987892437,,"14",B,./0.png
30.1341125726958,-23.7513767969372,,"14",B,./0.png
30.1340620222494,-23.7514444648999,,"14",B,./0.png
30.1340019459672,-23.751521675245,,"14",B,./0.png
30.13394621566,-23.7515989662255,,"14",B,./0.png
30.1338724301364,-23.7516782089238,,"14",B,./0.png
30.133963028574,-23.751738777484,,"14",B,./0.png
30.1340258513516,-23.7516496120623,,"14",B,./0.png
30.1340932653876,-23.7515776833629,,"14",B,./0.png
30.1341380278072,-23.75151905546,,"14",B,./0.png
30.1342011081852,-23.7514464745537,,"14",B,./0.png
30.134259268222,-23.7513645833456,,"14",B,./0.png
30.1343229317638,-23.7512937283545,,"14",B,./0.png
30.1343831955103,-23.7512079455656,,"14",B,./0.png
30.1344659103452,-23.7511180056312,,"14",B,./0.png
30.134545295665,-23.7511800809132,,"14",B,./0.png
30.1344917914031,-23.7512408336097,,"14",B,./0.png
30.1344164016815,-23.7513366266712,,"14",B,./0.png
30.1343600132778,-23.7514156207699,,"14",B,./0.png
30.1342909321335,-23.751506957083,,"14",B,./0.png
30.1342287104783,-23.7515686913201,,"14",B,./0.png
30.1341773138054,-23.7516466345389,,"14",B,./0.png
30.1341047826276,-23.7517253289189,,"14",B,./0.png
30.1340447437782,-23.7518008248111,,"14",B,./0.png
30.134145413939,-23.7518552913117,,"14",B,./0.png
30.1341981526037,-23.7517727992746,,"14",B,./0.png
30.134255582716,-23.7517029720804,,"14",B,./0.png
30.1343194216952,-23.7516241163079,,"14",B,./0.png
30.1343719097957,-23.7515530539069,,"14",B,./0.png
30.134439799257,-23.7514594085679,,"14",B,./0.png
30.1344971790259,-23.7513918671993,,"14",B,./0.png
30.1345749520489,-23.7513006920686,,"14",B,./0.png
30.1346258226568,-23.751246751091,,"14",B,./0.png
30.1347057087716,-23.7512859668625,,"14",B,./0.png
30.134589157021,-23.7514461720997,,"14",B,./0.png
30.134534235691,-23.7515149025617,,"14",B,./0.png
30.1344564875319,-23.7516049346829,,"14",B,./0.png
30.1343951571338,-23.7516826936375,,"14",B,./0.png
30.1343374016364,-23.7517673795235,,"14",B,./0.png
30.1342336919108,-23.7519083843284,,"14",B,./0.png
30.1342708287619,-23.7518576189222,,"14",B,./0.png
30.1343083860138,-23.7519577948925,,"14",B,./0.png
30.1343518316548,-23.7519025728034,,"14",B,./0.png
30.134410628663,-23.7518270537359,,"14",B,./0.png
30.1344693254626,-23.751756106526,,"14",B,./0.png
30.1345407899666,-23.7516693881094,,"14",B,./0.png
30.1346125047036,-23.75157123993,,"14",B,./0.png
30.1346661091969,-23.7515059153134,,"14",B,./0.png
30.1347287561742,-23.7514247503508,,"14",B,./0.png
30.1347965201647,-23.7513368196833,,"14",B,./0.png
30.1348748392686,-23.7513908709757,,"14",B,./0.png
30.1348158174531,-23.7514766770183,,"14",B,./0.png
30.1347545123532,-23.7515532931711,,"14",B,./0.png
30.1346956906377,-23.7516299553751,,"14",B,./0.png
30.1346291431069,-23.7517190519883,,"14",B,./0.png
30.1345427027545,-23.7518089228498,,"14",B,./0.png
30.1343968143396,-23.7520040299981,,"14",B,./0.png
30.1344453019968,-23.7519454711424,,"14",B,./0.png
30.1344746329268,-23.7520809409473,,"14",B,./0.png
30.1345232207218,-23.7520178101797,,"14",B,./0.png
30.134580317819,-23.7519348271619,,"14",B,./0.png
30.1346384938559,-23.7518592964752,,"14",B,./0.png
30.1347066912829,-23.7517799496903,,"14",B,./0.png
30.1347743428554,-23.7516971624296,,"14",B,./0.png
30.1348331145005,-23.7516227861391,,"14",B,./0.png
30.1348932779887,-23.7515415750255,,"14",B,./0.png
30.1349728258465,-23.7514544346405,,"14",B,./0.png
30.1349767268628,-23.7515882891201,,"14",B,./0.png
30.1349153341833,-23.7516689057428,,"14",B,./0.png
30.1348451241548,-23.7517550759112,,"14",B,./0.png
30.1347920153342,-23.7518261269681,,"14",B,./0.png
30.1347337267507,-23.7519068010972,,"14",B,./0.png
30.134672446409,-23.7519822742176,,"14",B,./0.png
30.1346185663268,-23.7520601715055,,"14",B,./0.png
30.134557436047,-23.7521287867345,,"14",B,./0.png
30.1346468059187,-23.7521887604215,,"14",B,./0.png
30.1346980023155,-23.7521199608203,,"14",B,./0.png
30.1347541405573,-23.7520523963343,,"14",B,./0.png
30.1348117707903,-23.7519734251416,,"14",B,./0.png
30.1348982110964,-23.7518835541238,,"14",B,./0.png
30.1349468236481,-23.7518192802223,,"14",B,./0.png
30.1350109876945,-23.7517255654895,,"14",B,./0.png
30.135016375876,-23.7518765991123,,"14",B,./0.png
30.1349513955336,-23.7519508602709,,"14",B,./0.png
30.1348901403154,-23.7520251905154,,"14",B,./0.png
30.1348375270994,-23.7521019679584,,"14",B,./0.png
30.134776346838,-23.7521728692272,,"14",B,./0.png
30.1347173996494,-23.7522552462684,,"14",B,./0.png
30.1350738765403,-23.7519737146613,,"14",B,./0.png
30.1350269562537,-23.7520174381397,,"14",B,./0.png
30.1349821439467,-23.7520783522638,,"14",B,./0.png
30.1349271474112,-23.7521505117718,,"14",B,./0.png
30.1348670086509,-23.752230579896,,"14",B,./0.png
30.1347968858623,-23.7523127496027,,"14",B,./0.png
30.1348812139348,-23.7523760599259,,"14",B,./0.png
30.1349486780245,-23.7523018449048,,"14",B,./0.png
30.1349976411588,-23.7522215693914,,"14",B,./0.png
30.1350566632548,-23.7521357633073,,"14",B,./0.png
30.1351087006921,-23.7520852741439,,"14",B,./0.png
30.1351512756535,-23.7521832561844,,"14",B,./0.png
30.1349960947073,-23.7524056340028,,"14",B,./0.png
30.1350895198218,-23.7522804459537,,"14",B,./0.png
30.1333987958896,-23.7499183726886,,,,./0.png
30.1334490360622,-23.749844795971,,,,./0.png
30.13353570036,-23.7499057266932,,,,./0.png
30.1336110606189,-23.749966657387,,,,./0.png
30.1335658444636,-23.7500528800181,,,,./0.png
30.1334754121528,-23.7499988471759,,,,./0.png
30.1337529891066,-23.7498091572334,,,,./0.png
30.1338283493655,-23.7498597412451,,,,./0.png
30.1337316370332,-23.7496735000141,,,,./0.png
30.1336474847441,-23.7496137188218,,,,./0.png
30.1335809165153,-23.7496884453079,,,,./0.png
30.1336185966448,-23.7494976052736,,,,./0.png
30.1337014929296,-23.7495343937357,,,,./0.png
30.1337969492576,-23.7496010727968,,,,./0.png
30.1337580131238,-23.7494746124795,,,,./0.png
30.1338321173784,-23.7493975865897,,,,./0.png
30.1338572374648,-23.7495068023901,,,,./0.png
30.1339011976158,-23.7494573678813,,,,./0.png
30.1339501817841,-23.7495596857974,,,,./0.png
30.1340067019783,-23.7494976052736,,,,./0.png
30.1340795502286,-23.7495481894063,,,,./0.png
30.1341586785005,-23.7496056713515,,,,./0.png
30.1342189667076,-23.7495343937357,,,,./0.png
30.134284278932,-23.7494596671612,,,,./0.png
30.134375967247,-23.7495205980637,,,,./0.png
30.1343093990183,-23.7496010727968,,,,./0.png
30.1344337434455,-23.7494493204013,,,,./0.png
30.1343407991262,-23.7493826412625,,,,./0.png
30.1344186713938,-23.7492987174704,,,,./0.png
30.1343181910485,-23.7492412353897,,,,./0.png
30.1342817669234,-23.7493113635247,,,,./0.png
30.1342415747853,-23.7491895014955,,,,./0.png
30.1349512172235,-23.7499206719604,,,,./0.png
30.1353569066174,-23.7500816208824,,,,./0.png
30.1354737150188,-23.7502540659353,,,,./0.png
30.1353267625138,-23.7502770585918,,,,./0.png
30.1354096587987,-23.7503356898474,,,,./0.png
30.1353456025786,-23.7503954707083,,,,./0.png
30.135080585668,-23.7505897583166,,,,./0.png
30.1347929606798,-23.7506219479515,,,,./0.png
30.133953949797,-23.7505368753277,,,,./0.png
30.1340142380042,-23.7504621493284,,,,./0.png
30.1324505126314,-23.7491757057868,,,,./0.png
30.1323814323941,-23.7492527318079,,,,./0.png
30.1321453035828,-23.7492182425504,,,,./0.png
30.1319920710563,-23.7492354871803,,,,./0.png
30.1319167107974,-23.7491849029261,,,,./0.png
30.1318388385298,-23.7491297200809,,,,./0.png
30.1317848303442,-23.7492044468448,,,,./0.png
30.1327017134945,-23.7485192582961,,,,./0.png
30.1327544656758,-23.748444531139,,,,./0.png
30.1324580486573,-23.7483445116463,,,,./0.png
30.1323600803207,-23.7482973759966,,,,./0.png
30.1324052964761,-23.7484261367553,,,,./0.png
30.1321704236691,-23.7485284554817,,,,./0.png
30.132102599436,-23.7486146790651,,,,./0.png
30.1320598952893,-23.7484617758714,,,,./0.png
30.1325673210328,-23.748198506042,,,,./0.png
30.1324166005149,-23.7480869898402,,,,./0.png
30.1324768887221,-23.7480111127824,,,,./0.png
30.132361336325,-23.7481571185968,,,,./0.png
30.1323060721352,-23.7481283773077,,,,./0.png
30.1330747467762,-23.7485296051298,,,,./0.png
30.1329968745087,-23.7484813198986,,,,./0.png
30.1343847592772,-23.7499965479055,,,,./0.png
30.1343207030572,-23.7500701245375,,,,./0.png
30.1348344088222,-23.7500724238065,,,,./0.png
30.1347188564252,-23.7502322229079,,,,./0.png
30.1343910392988,-23.7501379529582,,,,./0.png
30.1345040796872,-23.7503322409507,,,,./0.png
30.1324982407954,-23.7494481707613,,,,./0.png
30.1322420159151,-23.7484502793834,,,,./0.png
30.1323098401481,-23.748383599733,,,,./0.png
30.1328047058484,-23.7482214990614,,,,./0.png
30.1327243215722,-23.7491515632932,,,,./0.png
30.1328367339584,-23.7493267399755,,,,./0.png
30.1336054085995,-23.7498291321722,,,,./0.png
